profile,probability_offset,timing_alpha_offset_pct,max_alpha_margin_pct,alpha_cagr,fixed_matched_cagr,no_margin_cagr,alpha_minus_fixed_matched_cagr,alpha_minus_no_margin_cagr,alpha_max_drawdown,average_target_margin_pct,annual_trades,fold_win_rate_vs_fixed_matched
p_-0.02_a_-0.50_m_8,-0.020000000000000018,-0.5,8.0,0.2047231221179926,0.2047160912654773,0.20447146754275258,7.030852515299557e-06,0.00025165457524001233,-0.3511871722681691,0.1616871704745167,8.173117629271243,0.4
p_-0.02_a_+0.00_m_8,-0.020000000000000018,0.0,8.0,0.2047231221179926,0.2047160912654773,0.20447146754275258,7.030852515299557e-06,0.00025165457524001233,-0.3511871722681691,0.1616871704745167,8.173117629271243,0.4
p_-0.02_a_+0.50_m_8,-0.020000000000000018,0.5,8.0,0.2047231221179926,0.2047160912654773,0.20447146754275258,7.030852515299557e-06,0.00025165457524001233,-0.3511871722681691,0.1616871704745167,8.173117629271243,0.4
p_+0.00_a_-0.50_m_8,0.0,-0.5,8.0,0.2047231221179926,0.2047160912654773,0.20447146754275258,7.030852515299557e-06,0.00025165457524001233,-0.3511871722681691,0.1616871704745167,8.173117629271243,0.4
p_+0.00_a_+0.00_m_8,0.0,0.0,8.0,0.2047231221179926,0.2047160912654773,0.20447146754275258,7.030852515299557e-06,0.00025165457524001233,-0.3511871722681691,0.1616871704745167,8.173117629271243,0.4
p_+0.00_a_+0.50_m_8,0.0,0.5,8.0,0.2047231221179926,0.2047160912654773,0.20447146754275258,7.030852515299557e-06,0.00025165457524001233,-0.3511871722681691,0.1616871704745167,8.173117629271243,0.4
p_+0.02_a_-0.50_m_8,0.020000000000000018,-0.5,8.0,0.20474720473404062,0.20471210344968238,0.20447146754275258,3.5101284358241e-05,0.0002757371912880391,-0.3511871722681691,0.15905096660808435,7.952222558209858,0.4
p_+0.02_a_+0.00_m_8,0.020000000000000018,0.0,8.0,0.20474720473404062,0.20471210344968238,0.20447146754275258,3.5101284358241e-05,0.0002757371912880391,-0.3511871722681691,0.15905096660808435,7.952222558209858,0.4
p_+0.02_a_+0.50_m_8,0.020000000000000018,0.5,8.0,0.20474720473404062,0.20471210344968238,0.20447146754275258,3.5101284358241e-05,0.0002757371912880391,-0.3511871722681691,0.15905096660808435,7.952222558209858,0.4
